feature,importance
number_inpatient,0.08812088239666317
time_in_hospital,0.07377771988109318
discharge_disposition_id_22,0.06887863495435816
num_medications,0.057411261771045795
num_lab_procedures,0.05637561456810567
age_number,0.05436791573698282
total_prior_visits,0.05325552386274661
discharge_disposition_id_3,0.049687290012660965
number_diagnoses,0.0400784081857585
num_procedures,0.022268401337047026
discharge_disposition_id_5,0.019103996439253635
number_emergency,0.01329785710366352
diabetesMed_Yes,0.013171906781712909
diag_1_group_Circulatory,0.012853410318116909
insulin_No,0.012001786694255228
